<beans xmlns="http://www.springframework.org/schema/beans"
	xmlns:xsi="http://www.w3.org/2001/XMLSchema-instance" xmlns:context="http://www.springframework.org/schema/context"
	xsi:schemaLocation="http://www.springframework.org/schema/beans
     http://www.springframework.org/schema/beans/spring-beans-4.0.xsd
     http://www.springframework.org/schema/context
     http://www.springframework.org/schema/context/spring-context-4.0.xsd">
	
	<bean id="emp" class="co.cg.Springspel.dto.Employee">
	
		<property name="firstName" value="Rishita"></property>
		<property name="lastName" value="Gupta"></property>
		<property name="salary" value="20000.0"></property>
	</bean>	 
	
	<bean id="print" class="co.cg.Springspel.dto.PrintEmployeeDetails">
		<property name="fullName" value="#{emp.firstName+' '+emp.lastName}"></property>
		<property name="takeHomeSalary" value="#{emp.salary-(0.12*emp.salary)}"></property>
	</bean>
	 
</beans>