<beans xmlns="http://www.springframework.org/schema/beans"
	xmlns:xsi="http://www.w3.org/2001/XMLSchema-instance" xmlns:context="http://www.springframework.org/schema/context"
	xsi:schemaLocation="http://www.springframework.org/schema/beans
     http://www.springframework.org/schema/beans/spring-beans-4.0.xsd
     http://www.springframework.org/schema/context
     http://www.springframework.org/schema/context/spring-context-4.0.xsd">
	
	
	<bean id="emp" class="com.cg.lab1.dto.Employee">
	
	<property name="employeeId" value="142272"></property>
	<property name="employeeName" value="Rishita gupta"></property>
	<property name="salary" value="14000.0"></property>
	<property name="businessUnit" ref="sbu"></property>
	</bean>
		 
	<bean id="sbu" class="com.cg.lab1.dto.SBU">
	<property name="sbuId" value="1001"></property>
	<property name="sbuName" value="Product Engineering Services"></property>
	<property name="sbuHead" value="Krian Rao"></property>
	</bean>
	 
</beans>