<beans xmlns="http://www.springframework.org/schema/beans"
	xmlns:xsi="http://www.w3.org/2001/XMLSchema-instance" xmlns:context="http://www.springframework.org/schema/context"
	xsi:schemaLocation="http://www.springframework.org/schema/beans
     http://www.springframework.org/schema/beans/spring-beans-4.0.xsd
     http://www.springframework.org/schema/context
     http://www.springframework.org/schema/context/spring-context-4.0.xsd">
	
		
		<bean id="sbu" class="com.cg.lab1.dto.SBU">
	<property name="sbuCode" value="1"></property>
	<property name="sbuName" value="Product engineering market"></property>
	<property name="sbuHead" value="Kiran Rao"></property>
	<property name="emp">
		<list>
			<ref bean="one"/>
			<ref bean="two"/>
		</list>
	</property>
	</bean>
		 
	
	 <bean id="one" class="com.cg.lab1.dto.Employee">
	<property name="employeeId" value="1001"></property>
	<property name="employeeName" value="Rishita Gupta"></property>
	<property name="salary" value="17000.0"></property>
	</bean>
	
	 <bean id="two" class="com.cg.lab1.dto.Employee">
	<property name="employeeId" value="1002"></property>
	<property name="employeeName" value="Poorwa Kumbhaj"></property>
	<property name="salary" value="16000.0"></property>
	</bean>
	
</beans>